-- phpMyAdmin SQL Dump
-- version 5.0.2
-- https://www.phpmyadmin.net/
--
-- Host: 127.0.0.1
-- Generation Time: Dec 05, 2020 at 05:25 AM
-- Server version: 10.4.11-MariaDB
-- PHP Version: 7.4.5

SET SQL_MODE = "NO_AUTO_VALUE_ON_ZERO";
START TRANSACTION;
SET time_zone = "+00:00";


/*!40101 SET @OLD_CHARACTER_SET_CLIENT=@@CHARACTER_SET_CLIENT */;
/*!40101 SET @OLD_CHARACTER_SET_RESULTS=@@CHARACTER_SET_RESULTS */;
/*!40101 SET @OLD_COLLATION_CONNECTION=@@COLLATION_CONNECTION */;
/*!40101 SET NAMES utf8mb4 */;

--
-- Database: `420-05c_tp4`
--

-- --------------------------------------------------------

--
-- Table structure for table `categories`
--

CREATE TABLE `categories` (
  `id` char(6) NOT NULL,
  `description` varchar(60) DEFAULT NULL,
  `idSousDepartement` char(5) DEFAULT NULL
) ENGINE=InnoDB DEFAULT CHARSET=utf8;

--
-- Dumping data for table `categories`
--

INSERT INTO `categories` (`id`, `description`, `idSousDepartement`) VALUES
('C0005', 'Consigne bouteille\n', 'S090'),
('C0007', 'Frais infirmier\n', 'S415'),
('C0010', 'Cartes cadeaux externes\n', 'S902'),
('C0010A', 'PRESCRIPTION POS\n', 'S010A'),
('C0011', 'Cartes cadeaux Financières\n', 'S902'),
('C0011A', 'PRESCRIPTION ASSURANCE\n', 'S011A'),
('C0015', 'Cartes cadeau\n', 'S075'),
('C0020', 'Carte cellulaire\n', 'S903'),
('C0020A', 'MVLANNEXE II\n', 'S020A'),
('C0025', 'Donations et autres\n', 'S073'),
('C0028', 'Western Union\n', 'S076'),
('C0032', 'Frais de livraison\n', 'S690'),
('C0033', 'Frais de livraison E-Commerce\n', 'S090'),
('C0047A', 'PHOTOCOPIE\n', 'S047'),
('C0801A', 'CARTE FIDÉLITÉ BRUNET\n', 'S801'),
('C0802A', 'CARTE RABAIS\n', 'S802'),
('C0803A', 'COUPON MAGASIN\n', 'S803'),
('C0804A', 'COUPON MAGASIN (N/TX)\n', 'S804'),
('C0811A', 'CARTE FIDÉLITÉ FRN / GRATUITÉ\n', 'S811'),
('C0812A', 'CARTE FIDÉLITÉ FRN / RABAIS\n', 'S812'),
('C0813A', 'COUPON MANUFACTURIER\n', 'S813'),
('C0814A', 'COUPON MANUFACTURIER (TX)\n', 'S814'),
('C0993A', 'TÉLÉCOPIE\n', 'S993'),
('C1023', 'Décoration\n', 'S090'),
('C1066', 'Biscuit PAM\n', 'S570'),
('C1085', 'Boulangerie fraîche divers\n', 'S570'),
('C1611', 'Épicerie srg articles spéciaux\n', 'S090'),
('C1690', 'Fruit surgelé\n', 'S090'),
('C1726', 'Purée bébé surgelée\n', 'S090'),
('C1966', 'Viande srg articles spéciaux\n', 'S090'),
('C2000', 'Jus de légumes\n', 'S092'),
('C2001', 'Épicerie articles spéciaux\n', 'S090'),
('C2005', 'Cocktail de palourdes\n', 'S092'),
('C2010', 'Jus de tomate\n', 'S092'),
('C2015', 'Jus et boissons, tablettes familiales\n', 'S092'),
('C2016', 'Jus et boissons, tablettes individuelles\n', 'S092'),
('C2017', 'Jus et boissons isotoniques\n', 'S092'),
('C2018', 'Jus et boissons cristaux\n', 'S092'),
('C2020', 'Jus et boissons spécialisés\n', 'S092'),
('C2022', 'Tasse individuelle café (capsule)\n', 'S092'),
('C2023', 'Tasse individuelle autres (capsule)\n', 'S092'),
('C2025', 'Café instant\n', 'S092'),
('C2030', 'Café moulu et en grain\n', 'S092'),
('C2035', 'Filtre coupe café et acces.pour café\n', 'S092'),
('C2040', 'Lait instant et en poudre\n', 'S090'),
('C2045', 'Lait transformé\n', 'S090'),
('C2050', 'Thé\n', 'S090'),
('C2055', 'Tisane et thé spécialisé\n', 'S090'),
('C2060', 'Breuvage chocolat chaud\n', 'S092'),
('C2065', 'Breuvage chocolat à préparer\n', 'S092'),
('C2070', 'Eau de source nature\n', 'S093'),
('C2075', 'Eau minérale et gazéifiée\n', 'S093'),
('C2080', 'Eau pétillante fruitée\n', 'S093'),
('C2085', 'Boisson gazeuse\n', 'S092'),
('C2086', 'Jus et boissons individuels\n', 'S092'),
('C2087', 'Jus et boissons new age\n', 'S092'),
('C2103', 'Aliment enrichi\n', 'S090'),
('C2105', 'Collation aux fruits\n', 'S090'),
('C2110', 'Fruits divers en conserve\n', 'S090'),
('C2115', 'Fruits en coupe\n', 'S090'),
('C2120', 'Ananas\n', 'S090'),
('C2125', 'Sauce aux fruits\n', 'S090'),
('C2130', 'Champignon en conserve\n', 'S090'),
('C2135', 'Légume divers en conserve\n', 'S090'),
('C2140', 'Tomate en conserve\n', 'S090'),
('C2145', 'Légumineuse en conserve\n', 'S090'),
('C2150', 'Autre poisson en conserve\n', 'S090'),
('C2155', 'Crevette en conserve\n', 'S090'),
('C2160', 'Sardine en conserve\n', 'S090'),
('C2165', 'Saumon en conserve\n', 'S090'),
('C2170', 'Thon en conserve\n', 'S090'),
('C2175', 'Autre viande en conserve\n', 'S090'),
('C2180', 'Pâté à sandwich\n', 'S090'),
('C2185', 'Flocons en conserve\n', 'S090'),
('C2190', 'Pâte de tomate\n', 'S090'),
('C2195', 'Sauce aux tomates\n', 'S090'),
('C2200', 'Sauce à fondu\n', 'S090'),
('C2205', 'Sauce à mijoter\n', 'S090'),
('C2210', 'Sauce à pizza\n', 'S090'),
('C2215', 'Sauce à spaghetti\n', 'S090'),
('C2220', 'Sauce BBQ à badigeonner\n', 'S090'),
('C2225', 'Sauce en conserve\n', 'S090'),
('C2230', 'Sauce en enveloppe\n', 'S090'),
('C2235', 'Sauce gravy\n', 'S090'),
('C2240', 'Bouillon-base-mélange pour soupe\n', 'S090'),
('C2245', 'Soupe au tomate\n', 'S090'),
('C2250', 'Soupe condensé\n', 'S090'),
('C2255', 'Soupe en enveloppe\n', 'S090'),
('C2260', 'Soupe prête-à-servir\n', 'S090'),
('C2263', 'Bouillon prêt-à-servir\n', 'S090'),
('C2265', 'Collation instantanée et nouille à soupe\n', 'S090'),
('C2270', 'Mexicain\n', 'S090'),
('C2275', 'Oriental\n', 'S090'),
('C2280', 'Cascher\n', 'S090'),
('C2285', 'Pâte de spécialité\n', 'S090'),
('C2290', 'Pâte lasagne et à farcir\n', 'S090'),
('C2295', 'Pâte pour soupe\n', 'S090'),
('C2300', 'Pâte régulière\n', 'S090'),
('C2305', 'Plat d\'accompagnement\n', 'S090'),
('C2310', 'Riz\n', 'S090'),
('C2315', 'Riz spécialité\n', 'S090'),
('C2320', 'Légumineuse sèche\n', 'S090'),
('C2325', 'Dîner divers en conserve\n', 'S090'),
('C2330', 'Fève au lard\n', 'S090'),
('C2335', 'Ragoût en conserve\n', 'S090'),
('C2340', 'Huile d\'olive\n', 'S090'),
('C2345', 'Huile de maïs\n', 'S090'),
('C2350', 'Huile divers\n', 'S090'),
('C2355', 'Huile végétale-soya\n', 'S090'),
('C2360', 'Shortening et saindoux\n', 'S090'),
('C2365', 'Cerises aux marasquins\n', 'S090'),
('C2370', 'Dattes sèches\n', 'S090'),
('C2375', 'Fruits cuisson divers\n', 'S090'),
('C2380', 'Noix pour cuisson\n', 'S090'),
('C2385', 'Pruneaux secs\n', 'S090'),
('C2390', 'Raisins secs\n', 'S090'),
('C2395', 'Ingrédients pour cuisson\n', 'S090'),
('C2400', 'Croûte à tarte\n', 'S090'),
('C2405', 'Garniture à tarte\n', 'S090'),
('C2410', 'Chocolat à fondue\n', 'S090'),
('C2415', 'Chocolat à cuisson\n', 'S090'),
('C2420', 'Farine\n', 'S090'),
('C2425', 'Mélange à gâteaux\n', 'S090'),
('C2430', 'Mélange à muffin\n', 'S090'),
('C2435', 'Mélange divers\n', 'S090'),
('C2440', 'Décoration à gâteaux\n', 'S090'),
('C2445', 'Essence et colorant alimentaire\n', 'S090'),
('C2450', 'Glaçage à gâteaux\n', 'S090'),
('C2455', 'Sucre-cassonade\n', 'S090'),
('C2460', 'Substitut de sucre\n', 'S090'),
('C2465', 'Assaisonnement divers\n', 'S090'),
('C2470', 'Epice\n', 'S090'),
('C2475', 'Sel\n', 'S090'),
('C2480', 'Marinades assorties\n', 'S090'),
('C2485', 'Olives oignons gherkins\n', 'S090'),
('C2490', 'Ketchup\n', 'S090'),
('C2495', 'Relish\n', 'S090'),
('C2500', 'Moutarde\n', 'S090'),
('C2505', 'Moutarde spécialisée\n', 'S090'),
('C2510', 'Mayonnaise\n', 'S090'),
('C2515', 'Sauce chili\n', 'S090'),
('C2520', 'Sauce d\'accompagnement\n', 'S090'),
('C2525', 'Vinaigre\n', 'S090'),
('C2530', 'Vinaigre spécialisé\n', 'S090'),
('C2535', 'Crouton\n', 'S090'),
('C2540', 'Sauce à salade\n', 'S090'),
('C2545', 'Vinaigrette\n', 'S090'),
('C2550', 'Fromage râpé non-réfrigéré\n', 'S090'),
('C2555', 'Fromage à tartiner\n', 'S090'),
('C2560', 'Fromage fondu pain\n', 'S090'),
('C2565', 'Cornet-gobelet\n', 'S090'),
('C2570', 'Garniture à dessert\n', 'S090'),
('C2575', 'Gelée en poudre\n', 'S090'),
('C2580', 'Pouding\n', 'S090'),
('C2585', 'Pouding et gelée P.A.S.\n', 'S090'),
('C2590', 'Eau glacée\n', 'S090'),
('C2595', 'Thématique promotionnel alimentaire\n', 'S090'),
('C2600', 'Beurre d\'arachides\n', 'S090'),
('C2605', 'Confiture-gelée-marmelade\n', 'S090'),
('C2610', 'Tartinades sucrées\n', 'S090'),
('C2615', 'Mélasse\n', 'S090'),
('C2620', 'Miel\n', 'S090'),
('C2625', 'Sirop de table\n', 'S090'),
('C2630', 'Sirop d\'érable pur\n', 'S090'),
('C2635', 'Barre tendre\n', 'S090'),
('C2640', 'Barre céréale\n', 'S090'),
('C2645', 'Roulé aux fruits\n', 'S090'),
('C2650', 'Collation déjeuner divers\n', 'S090'),
('C2655', 'Céréale pour la famille\n', 'S090'),
('C2660', 'Céréale santé\n', 'S090'),
('C2665', 'Céréale sucrée\n', 'S090'),
('C2670', 'Gruau et céréales chaudes\n', 'S090'),
('C2673', 'Bonbons sans sucre\n', 'S750'),
('C2675', 'Confiserie variée\n', 'S750'),
('C2676', 'Gâteaux confiserie\n', 'S750'),
('C2677', 'Confiserie été\n', 'S755'),
('C2679', 'Confiserie Noël\n', 'S755'),
('C2681', 'Confiserie Pâques\n', 'S755'),
('C2683', 'Confiserie Halloween\n', 'S755'),
('C2684', 'Confiserie StValentin\n', 'S755'),
('C2685', 'Chocolat cello\n', 'S750'),
('C2687', 'Chocolat en boîte régulière\n', 'S750'),
('C2690', 'Chocolat individuel\n', 'S750'),
('C2691', 'Chocolat varié\n', 'S750'),
('C2692', 'Chocolat Été\n', 'S750'),
('C2693', 'Chocolat Noël\n', 'S750'),
('C2694', 'Chocolat Pâques\n', 'S750'),
('C2695', 'Chocolat multi\n', 'S750'),
('C2696', 'Chocolat Halloween\n', 'S750'),
('C2697', 'Chocolat StValentin\n', 'S750'),
('C2700', 'Gomme à mâcher et pastilles\n', 'S750'),
('C2703', 'Gommes familiales\n', 'S750'),
('C2705', 'Amuse-gueule divers\n', 'S090'),
('C2707', 'Amuse-gueule viande\n', 'S090'),
('C2710', 'Arachides et noix\n', 'S090'),
('C2715', 'Croustille\n', 'S090'),
('C2720', 'Maïs à éclater\n', 'S090'),
('C2725', 'Sauce trempette\n', 'S090'),
('C2730', 'Biscotte-bâtonnet-toast\n', 'S090'),
('C2735', 'Biscuit sucré\n', 'S090'),
('C2740', 'Collation à tartiner\n', 'S090'),
('C2745', 'Craquelin et soda\n', 'S090'),
('C2748', 'Prod.naturels et bio.épic.-TEST\n', 'S090'),
('C2749', 'Tiers Natures Signature Épicerie\n', 'S090'),
('C2750', 'Petits gâteaux-beignes-tartes\n', 'S090'),
('C2755', 'Pain blanc et blé\n', 'S090'),
('C2760', 'Pain plat\n', 'S090'),
('C2765', 'Hot-dog-hamburger-petits pains\n', 'S090'),
('C2770', 'Bagel\n', 'S090'),
('C2775', 'Pain commercial spécialité\n', 'S090'),
('C2779', 'Boulangerie articles spéciaux\n', 'S090'),
('C2780', 'Boulangerie commerciale divers\n', 'S090'),
('C2795', 'Bière non-alcoolisée\n', 'S092'),
('C2800', 'Bière économique\n', 'S092'),
('C2805', 'Bière micro-brasserie et importée\n', 'S092'),
('C2810', 'Bière populaire\n', 'S092'),
('C2815', 'Vin blanc et rouge\n', 'S092'),
('C2820', 'Vin mousseux et cidre\n', 'S092'),
('C2825', 'Vin rosé-apéritif\n', 'S092'),
('C2830', 'Boisson et cooler\n', 'S092'),
('C2835', 'Préparation pour boisson\n', 'S092'),
('C2836', 'Bière économique\n', 'S092'),
('C2837', 'Bière domestique\n', 'S092'),
('C2838', 'Bère importée\n', 'S092'),
('C2839', 'Bière populaire\n', 'S092'),
('C2840', 'Vin rouge France\n', 'S092'),
('C2841', 'Vin rouge Australie\n', 'S092'),
('C2842', 'Vin rouge Italie\n', 'S092'),
('C2843', 'Vin rouge Chili\n', 'S092'),
('C2844', 'Vin rouge Espagne\n', 'S092'),
('C2845', 'Vin rouge Argentine\n', 'S092'),
('C2846', 'Vin rouge Allemagne\n', 'S092'),
('C2847', 'Vin rouge Afrique du Sud\n', 'S092'),
('C2848', 'Vin rouge Portugal\n', 'S092'),
('C2849', 'Vin rouge Nouvelle-Zélande\n', 'S092'),
('C2850', 'Vin rouge Canada\n', 'S092'),
('C2851', 'Vin rouge Etats-Unis\n', 'S092'),
('C2852', 'Vin rouge autres pays\n', 'S092'),
('C2860', 'Vin blanc France\n', 'S092'),
('C2861', 'Vin blanc Australie\n', 'S092'),
('C2862', 'Vin blanc Italie\n', 'S092'),
('C2863', 'Vin blanc Chili\n', 'S092'),
('C2864', 'Vin blanc Espagne\n', 'S092'),
('C2865', 'Vin blanc Argentine\n', 'S092'),
('C2866', 'Vin blanc Allemagne\n', 'S092'),
('C2867', 'Vin blanc Afrique du Sud\n', 'S092'),
('C2868', 'Vin blanc Portugal\n', 'S092'),
('C2869', 'Vin blanc Nouvelle-Zélande\n', 'S092'),
('C2870', 'Vin blanc Canada\n', 'S092'),
('C2871', 'Vin blanc Etats-Unis\n', 'S092'),
('C2872', 'Vin blanc autres pays\n', 'S092'),
('C2873', 'Vin rosé\n', 'S092'),
('C2874', 'Vin mousseux non-alcoolisé\n', 'S092'),
('C2875', 'Vin mousseux\n', 'S092'),
('C2876', 'Vin non-alcoolisé\n', 'S092'),
('C2877', 'Boissons et cooler\n', 'S092'),
('C2880', 'Préparations pour boisson\n', 'S092'),
('C2883', 'Apéritif\n', 'S092'),
('C2884', 'Cidre non-alcoolisé\n', 'S092'),
('C2885', 'Cidre\n', 'S092'),
('C2886', 'Cidre tiers\n', 'S092'),
('C2887', 'Boisson-cooler non-alcoolisés\n', 'S092'),
('C2890', 'Vin SAQ (Nielsen)\n', 'S092'),
('C2895', 'Spiritueux SAQ (Nielsen)\n', 'S092'),
('C2900', 'Boisson réfrigérée\n', 'S092'),
('C2901', 'Épicerie réfrigéré articles spéciaux\n', 'S090'),
('C2905', 'Jus réfrigérés\n', 'S092'),
('C2910', 'Fromage à la crème\n', 'S090'),
('C2915', 'Fromage tranché réfrigéré\n', 'S090'),
('C2920', 'Fromage à trempette\n', 'S090'),
('C2925', 'Fromage pour fondue\n', 'S090'),
('C2930', 'Fromage bouchée réfrigéré\n', 'S090'),
('C2935', 'Fromage en bloc réfrigéré\n', 'S090'),
('C2940', 'Fromage en grains\n', 'S090'),
('C2945', 'Fromage fin réfrigéré\n', 'S090'),
('C2950', 'Fromage râpé réfrigéré\n', 'S090'),
('C2955', 'Pâte à cuire réfrigérée\n', 'S090'),
('C2960', 'Beurre\n', 'S090'),
('C2963', 'Beurre biologique-ANNULÉ\n', 'S090'),
('C2965', 'Crème\n', 'S090'),
('C2970', 'Fromage cottage\n', 'S090'),
('C2973', 'Crème sure\n', 'S090'),
('C2975', 'Garnitures réfrigérées\n', 'S090'),
('C2980', 'Yogourt enfant\n', 'S090'),
('C2985', 'Yogourt\n', 'S090'),
('C2990', 'Yogourt à boire et bâtonnet\n', 'S090'),
('C2993', 'Probiotiques réfrigérés\n', 'S090'),
('C2995', 'Dessert réfrigéré\n', 'S090'),
('C2997', 'Prod.naturels et bio.épic.réfrig.-ANNULÉ\n', 'S090'),
('C2998', 'Repas réfrigéré\n', 'S090'),
('C3000', 'Lait de consommation\n', 'S090'),
('C3003', 'Lait soya et autres\n', 'S090'),
('C3005', 'Lait aromatisé\n', 'S090'),
('C3007', 'Lait spécialité\n', 'S090'),
('C3009', 'Tiers Natures Signature Laitier\n', 'S090'),
('C3010', 'Margarine populaire\n', 'S090'),
('C3015', 'Margarine santé\n', 'S090'),
('C3020', 'oeuf régulier\n', 'S090'),
('C3021', 'Oeuf_transformé\n', 'S090'),
('C3023', 'Oeuf spécialité\n', 'S090'),
('C3025', 'Crème glacée populaire\n', 'S090'),
('C3030', 'Crème glacée économique\n', 'S090'),
('C3035', 'Crème glacée fantaisie\n', 'S090'),
('C3040', 'Desserts glacés\n', 'S090'),
('C3045', 'Friandises glacées\n', 'S090'),
('C3338', 'Prestige Frangrances 2\n', 'S240'),
('C3340', 'Fragrance homme\n', 'S240'),
('C3345', 'Fragrances\n', 'S240'),
('C3350', 'Fragrance pour bébés\n', 'S240'),
('C3355', 'Masstige soins du visage\n', 'S245'),
('C3360', 'Soins des yeux\n', 'S245'),
('C3365', 'Masstige soins du corps\n', 'S245'),
('C3370', 'Soins de la peau spécialités\n', 'S245'),
('C3375', 'Masstige soins solaires\n', 'S245'),
('C3380', 'Dermocosmétique soins du visage\n', 'S260'),
('C3385', 'Soins spécialisés des yeux\n', 'S260'),
('C3390', 'Dermocosmétique soins du corps\n', 'S260'),
('C3395', 'Nutricosmétiques\n', 'S260'),
('C3400', 'Dermocosmétique soins solaires\n', 'S260'),
('C3405', 'Savon en barre spécialisé\n', 'S245'),
('C3410', 'Gel douche/bain moussant spécialisés\n', 'S245'),
('C3415', 'Lotions pour le corps spécialisées\n', 'S245'),
('C3420', 'Produits spécialisés/bain de bébé\n', 'S245'),
('C3425', 'Fragrances ambiance / chandelles\n', 'S285'),
('C3430', 'Maquillage yeux\n', 'S275'),
('C3435', 'Maquillage lèvres\n', 'S275'),
('C3440', 'Maquillage visage\n', 'S275'),
('C3445', 'Vernis à ongles\n', 'S275'),
('C3450', 'Shampoing/revitalisant spécialisés\n', 'S280'),
('C3455', 'Traitement pour cheveux spécialisé\n', 'S280'),
('C3460', 'Produits spécialisés de coiffage\n', 'S280'),
('C3463', 'Coloration cheveux professionnelle\n', 'S289'),
('C3464', 'Coloration cheveux autre\n', 'S288'),
('C3465', 'Pinceaux maquillage\n', 'S285'),
('C3470', 'Accessoires manucure/pédicure\n', 'S285'),
('C3475', 'Bijoux\n', 'S285'),
('C3480', 'Éponges bain\n', 'S285'),
('C3485', 'Sacs, malettes, organisateurs\n', 'S285'),
('C3490', 'Saisonniers\n', 'S285'),
('C3492', 'Cadeaux avec achat\n', 'S285'),
('C3495', 'Faux ongles/cils\n', 'S285'),
('C3497', 'Matériel promotionnel cosmétique\n', 'S285'),
('C3500', 'Purée et jus pour bébé\n', 'S050'),
('C3505', 'Céréales pour bébé\n', 'S050'),
('C3507', 'Biscuits et collations pour bébé\n', 'S050'),
('C3510', 'Produits pour bébé\n', 'S050'),
('C3515', 'Lait pour bébé\n', 'S050'),
('C3520', 'Articles divers pour bébé\n', 'S070'),
('C3525', 'Couches\n', 'S070'),
('C3527', 'Culottes d\'entraînement\n', 'S070'),
('C3530', 'Débarbouillettes humides\n', 'S070'),
('C3535', 'Soins personnels pour bébé\n', 'S070'),
('C3545', 'Dentition bébé\n', 'S455'),
('C3550', 'Feu sauvage\n', 'S455'),
('C3555', 'Médicaments bucaux divers\n', 'S455'),
('C3560', 'Condoms et accessoires\n', 'S235'),
('C3565', 'Lubrifiants\n', 'S235'),
('C3570', 'Tests de grossesse et d\'ovulation\n', 'S235'),
('C3575', 'Crèmes/gels vaginaux\n', 'S230'),
('C3580', 'Nettoyants/lingettes/désodorisants féminins\n', 'S230'),
('C3585', 'Laxatifs\n', 'S370'),
('C3590', 'Lavement\n', 'S370'),
('C3595', 'Supplément de fibres\n', 'S370'),
('C3600', 'Anti-diarrhéique\n', 'S370'),
('C3605', 'Traitements hémorroïdes\n', 'S370'),
('C3610', 'Antiacides comprimés et liquides\n', 'S030'),
('C3615', 'Anti-flatulents\n', 'S030'),
('C3620', 'Antinauséeux\n', 'S030'),
('C3625', 'Électrolytes\n', 'S030'),
('C3630', 'Solutions lentilles\n', 'S210'),
('C3635', 'Traitement pour les yeux/oreilles\n', 'S210'),
('C3650', 'Timbres renoncement tabac\n', 'S380'),
('C3655', 'Gommes et pastilles renoncement tabac\n', 'S380'),
('C3660', 'Inhalateurs renoncement tabac\n', 'S380'),
('C3665', 'Analgésiques internes adulte\n', 'S010'),
('C3670', 'Analgésiques internes enfant\n', 'S710'),
('C3675', 'Analgésiques externes crème ou liquide\n', 'S420'),
('C3680', 'Analgésiques externes timbres\n', 'S420'),
('C3685', 'Sirops\n', 'S150'),
('C3690', 'Pastilles médicamentées\n', 'S150'),
('C3695', 'Vaporisateur nasal\n', 'S150'),
('C3700', 'Bandes nasales\n', 'S150'),
('C3705', 'Comprimés/suppositoires\n', 'S150'),
('C3710', 'Allergie\n', 'S150'),
('C3715', 'Semelles\n', 'S270'),
('C3720', 'Traitements verrues/cors\n', 'S270'),
('C3725', 'Crèmes et poudre pour les pieds\n', 'S270'),
('C3730', 'Coussinets/accessoires\n', 'S270'),
('C3735', 'Soins spécialisés pour la peau\n', 'S330'),
('C3740', 'Shampoings médicamentés\n', 'S330'),
('C3745', 'Glucomètre/instrument de diagnostic\n', 'S430'),
('C3747', 'Accessoires pour appareils de diagnostic\n', 'S430'),
('C3750', 'Lancettes/aiguilles/seringues\n', 'S430'),
('C3755', 'Bandelettes\n', 'S430'),
('C3760', 'Pansements et diachylons\n', 'S250'),
('C3765', 'Crème et onguents\n', 'S250'),
('C3770', '1ers soins divers\n', 'S250'),
('C3775', 'Bandages élastiques\n', 'S250'),
('C3780', 'Désinfectants\n', 'S250'),
('C3785', 'Multi-vitamines adultes\n', 'S730'),
('C3790', 'Multi-vitamines enfants\n', 'S730'),
('C3795', 'Minéraux\n', 'S730'),
('C3800', 'Herbal (Échinacée)\n', 'S720'),
('C3805', 'EFA (Omega)\n', 'S720'),
('C3810', 'Glucosamine\n', 'S720'),
('C3815', 'Probiotiques\n', 'S720'),
('C3816', 'Aide-sommeil naturel\n', 'S720'),
('C3817', 'Collagène\n', 'S720'),
('C3818', 'Coupe faim naturel\n', 'S720'),
('C3819', 'Ménopause\n', 'S720'),
('C3820', 'Autres produits naturels\n', 'S720'),
('C3821', 'Minéraux naturels\n', 'S720'),
('C3822', 'Tisane naturelle\n', 'S720'),
('C3823', 'Vitamines naturelles\n', 'S720'),
('C3825', 'Produits homéopathiques\n', 'S729'),
('C3830', 'Location\n', 'S639'),
('C3835', 'Bas support\n', 'S630'),
('C3840', 'Luminothérapie\n', 'S630'),
('C3845', 'Équipement chambre à coucher\n', 'S630'),
('C3850', 'Accessoires salle de bain\n', 'S630'),
('C3855', 'Aide à la marche\n', 'S630'),
('C3860', 'Appareils électriques orthopédiques\n', 'S630'),
('C3865', 'Thermomètre/humidificateur/vaporisateur\n', 'S630'),
('C3870', 'Accessoires divers\n', 'S630'),
('C3875', 'Thérapie chaud/froid\n', 'S630'),
('C3880', 'Gants chirurgicaux\n', 'S630'),
('C3885', 'Supports athlétiques\n', 'S630'),
('C3890', 'Allaitement\n', 'S630'),
('C3895', 'Substitut de repas\n', 'S190'),
('C3897', 'Substitut de repas spécialité\n', 'S190'),
('C3900', 'Produits amaigrissants\n', 'S190'),
('C3905', 'Suppléments nutritifs/sportifs\n', 'S190'),
('C3907', 'Barres santé\n', 'S190'),
('C3910', 'Trousses MaSanté\n', 'S456'),
('C3915', 'Chambres d\'inhalation\n', 'S150'),
('C4000', 'Gâteries pour chats\n', 'S354'),
('C4005', 'Nourriture chats conserve et semi-humide\n', 'S354'),
('C4010', 'Nourriture chats sèche\n', 'S354'),
('C4015', 'Biscuit pour chiens\n', 'S354'),
('C4020', 'Gâteries pour chiens\n', 'S354'),
('C4025', 'Nourriture chien conserve et semi-humide\n', 'S354'),
('C4030', 'Nourriture chiens sèche\n', 'S354'),
('C4035', 'Accessoire pour animaux\n', 'S356'),
('C4040', 'Litière\n', 'S356'),
('C4045', 'Nourriture autres animaux\n', 'S356'),
('C4050', 'Eau de javel\n', 'S366'),
('C4055', 'Assouplisseur en feuille\n', 'S366'),
('C4060', 'Assouplisseur liquide\n', 'S366'),
('C4065', 'Autre produit de lessive\n', 'S366'),
('C4070', 'Détachants et savon javellisant\n', 'S366'),
('C4075', 'Détersif liquide lessive\n', 'S366'),
('C4080', 'Détersif poudre lessive\n', 'S366'),
('C4083', 'Détersif lessive monodose\n', 'S366'),
('C4085', 'Détersif lave-vaisselle\n', 'S366'),
('C4090', 'Détersif liquide vaisselle\n', 'S366'),
('C4095', 'Agent rincage vaisselle\n', 'S366'),
('C4100', 'Entretien ménager divers\n', 'S350'),
('C4105', 'Nettoyeur à four\n', 'S358'),
('C4110', 'Nettoyeur à vitres\n', 'S358'),
('C4115', 'Nettoyeur évier\n', 'S358'),
('C4120', 'Débouche-renvois\n', 'S358'),
('C4125', 'Nettoyeur pour toilettes\n', 'S358'),
('C4130', 'Nettoyeur salle de bain\n', 'S358'),
('C4135', 'Nettoyeur tout usage\n', 'S358'),
('C4140', 'Purificateur\n', 'S360'),
('C4145', 'Tampons à récurer\n', 'S358'),
('C4150', 'Désodorisant textile\n', 'S360'),
('C4155', 'Article de cuisine\n', 'S362'),
('C4160', 'Article ménager divers\n', 'S350'),
('C4163', 'Accessoire pour le café\n', 'S362'),
('C4164', '\"Article de cuisson \"\"bakeware\"\"\"\n', 'S362'),
('C4167', 'Article de cuisson coopérer\n', 'S362'),
('C4169', 'Combustible et comburant\n', 'S362'),
('C4175', 'Essuie-tout\n', 'S490'),
('C4180', 'Papier hygiénique\n', 'S490'),
('C4185', 'Papier mouchoir\n', 'S490'),
('C4187', 'Accessoire de table jetable boutique\n', 'S362'),
('C4190', 'Assiette-verre-ustensile\n', 'S362'),
('C4195', 'Serviette de table-nappe en papier\n', 'S362'),
('C4205', 'Papier aluminium\n', 'S364'),
('C4210', 'Papier ciré\n', 'S364'),
('C4215', 'Pellicule moulante\n', 'S364'),
('C4220', 'Sac à ordure\n', 'S364'),
('C4225', 'Sac pour aliments\n', 'S364'),
('C4228', 'Clip-strip non-alimentaire\n', 'S690'),
('C4230', 'Accessoires pour automobile\n', 'S040'),
('C4235', 'Ampoule\n', 'S350'),
('C4237', 'Bureau de poste\n', 'S992'),
('C4238', 'Billets d\'autobus\n', 'S046'),
('C4247', 'Loterie gratteux\n', 'S990'),
('C4247A', 'LOTO GAGNANT\n', 'S990'),
('C4248', 'Loterie on-line\n', 'S991'),
('C4248A', 'TERMINAL GAGNANT\n', 'S991'),
('C4249', 'Photo passeport/RAMQ\n', 'S540'),
('C4250', 'Photographie et enregistrement\n', 'S530'),
('C4252', 'Agrandissement-réimpression-laminage\n', 'S540'),
('C4253', 'Accessoires photo (cadres/albums)\n', 'S530'),
('C4255', 'Piles\n', 'S200'),
('C4259', 'Coffret cadeau\n', 'S690'),
('C4260', 'Produits divers\n', 'S690'),
('C4262', 'Lunettes de lecture\n', 'S570'),
('C4263', 'Lunettes solaires\n', 'S570'),
('C4265', 'Bas nylon et collants\n', 'S287'),
('C4267', 'Essences\n', 'S690'),
('C4269', 'Articles au dollar\n', 'S690'),
('C4270', 'Printemps\n', 'S570'),
('C4275', 'Automne\n', 'S570'),
('C4280', 'Thématique promotionnelle\n', 'S570'),
('C4285', 'Linge de nettoyage\n', 'S358'),
('C4287', 'Linge de table / Napperon\n', 'S362'),
('C4290', 'Nettoyage_balai\n', 'S358'),
('C4293', 'Contenant plastique pour aliments\n', 'S364'),
('C4295', 'Plastique rangement\n', 'S364'),
('C4297', 'Purification d\'eau\n', 'S360'),
('C4300', 'Ustensile de cuisine gadget\n', 'S362'),
('C4303', 'Ustensile de cuisine utilitaire\n', 'S362'),
('C4305', 'Carte de souhait\n', 'S780'),
('C4307', 'Verrerie\n', 'S362'),
('C4309', 'Vaisselle\n', 'S362'),
('C4310', 'Chandelle accessoire\n', 'S360'),
('C4315', 'Chandelle basic\n', 'S360'),
('C4320', 'Chandelle boutique / Parfum / Cadeau\n', 'S360'),
('C4322', 'Cinéma et musique\n', 'S200'),
('C4324', 'Électronique\n', 'S200'),
('C4325', 'Fête / Cadeau / Emballage\n', 'S290'),
('C4327', 'Jouets\n', 'S700'),
('C4328', 'Jeux vidéo\n', 'S700'),
('C4329', 'Peluches\n', 'S700'),
('C4330', 'Livre\n', 'S769'),
('C4335', 'Livre de cuisine\n', 'S769'),
('C4337', 'Revue et journal\n', 'S760'),
('C4340', 'Action de Grâce\n', 'S570'),
('C4343', 'BBQ\n', 'S570'),
('C4345', 'Été\n', 'S570'),
('C4346', 'Chasse-moustiques\n', 'S570'),
('C4347', 'Fête des Mères / Pères\n', 'S570'),
('C4350', 'Halloween\n', 'S570'),
('C4353', 'Hiver\n', 'S570'),
('C4355', 'Noël\n', 'S570'),
('C4357', 'Pâques\n', 'S570'),
('C4360', 'Retour à l\'école\n', 'S670'),
('C4363', 'St-Valentin\n', 'S570'),
('C4365', 'Prod.naturels et bio.épic.non alim.\n', 'S090'),
('C4370', 'Vêtements garçons et filles\n', 'S690'),
('C4372', 'Sous-vêtements\n', 'S690'),
('C4374', 'Vêtements bébé moins de 2 ans\n', 'S690'),
('C4376', 'Vêtements homme\n', 'S690'),
('C4378', 'Vêtements femme\n', 'S690'),
('C4380', 'Accessoires textiles\n', 'S690'),
('C4385', 'Appareils électriques ménagers\n', 'S200'),
('C4440', 'Brosse à dents\n', 'S450'),
('C4445', 'Dentifrice\n', 'S450'),
('C4446', 'Produits pour dentiers\n', 'S450'),
('C4447', 'Bandes blanchissantes\n', 'S450'),
('C4448', 'Appareils électriques buccaux\n', 'S450'),
('C4450', 'Rince-bouche\n', 'S450'),
('C4453', 'Hygiène buccale divers\n', 'S450'),
('C4455', 'Serviettes hygiéniques\n', 'S239'),
('C4460', 'Tampons hygiéniques\n', 'S239'),
('C4470', 'Désodorisant et antisudorifique\n', 'S170'),
('C4475', 'Incontinence pour adulte\n', 'S239'),
('C4477', 'Produits d\'essai et de voyage\n', 'S239'),
('C4480', 'Autre produits d\'hygiène\n', 'S239'),
('C4482', 'Produits antibactériens\n', 'S659'),
('C4485', 'Produit avant et après rasage\n', 'S610'),
('C4486', 'Rasoir système\n', 'S610'),
('C4487', 'Lames\n', 'S610'),
('C4488', 'Épilation et dépilatoire\n', 'S610'),
('C4489', 'Appareils électriques rasage\n', 'S610'),
('C4490', 'Rasoirs jetables\n', 'S610'),
('C4495', 'Accessoires pour cheveux\n', 'S339'),
('C4500', 'Produits coiffants\n', 'S339'),
('C4503', 'Appareils électriques cheveux\n', 'S339'),
('C4504', 'Colorant pour cheveux-ANNULÉ\n', 'S339'),
('C4505', 'Shampoing et revitalisant\n', 'S339'),
('C4510', 'Lotions-crèmes-gelées pour le corps femmes\n', 'S659'),
('C4511', 'Lotions-crèmes-gelées pour le corps hommes\n', 'S659'),
('C4512', 'Cosmétiques pour les ongles-ANNULÉ\n', 'S659'),
('C4515', 'Nettoyants pour le corps\n', 'S659'),
('C4516', 'Bain moussant\n', 'S659'),
('C4519', 'Baume à lèvres\n', 'S659'),
('C4520', 'Protections solaires\n', 'S659'),
('C4523', 'Produits autobronzants\n', 'S659'),
('C4525', 'Savons en barre\n', 'S659'),
('C4530', 'Savons en crème pour les mains\n', 'S659'),
('C4535', 'Soins du visage femmes\n', 'S659'),
('C4536', 'Soins du visage hommes\n', 'S659'),
('C4600', 'Cigare\n', 'S740'),
('C4605', 'Cigarette\n', 'S740'),
('C4607', 'Cigarette électronique\n', 'S740'),
('C4610', 'Tabac\n', 'S740'),
('C4615', 'Accessoires pour fumeur\n', 'S740'),
('C4620', 'Papier et tube à cigarette\n', 'S740'),
('C4700', 'Contenant pour magasin\n', 'S790'),
('C4705', 'Etiquette pour emballage\n', 'S790'),
('C4710', 'Pellicule moulante pour magasin\n', 'S790'),
('C4715', 'Plâteau mousse pour magasin\n', 'S790'),
('C4720', 'Produit emballage divers pour magasin\n', 'S790'),
('C4725', 'Sac pour service au caisse\n', 'S790'),
('C4730', 'Autres sacs\n', 'S790'),
('C4735', 'Tampons pour magasin\n', 'S790'),
('C4736', 'Bouteilles/jarres/dosettes\n', 'S790'),
('C4737', 'Fioles et bouchons\n', 'S790'),
('C4740', 'Accessoires de service pour magasin\n', 'S790'),
('C4745', 'Accessoires pour caisses enregistreuses\n', 'S790'),
('C4750', 'Article de bureau pour magasin\n', 'S790'),
('C4755', 'Carte et affiche pour magasin\n', 'S790'),
('C4757', 'Fournitures laboratoire\n', 'S790'),
('C4760', 'Formulaire pour magasin\n', 'S790'),
('C4761', 'Étiquettes de balance auto-collantes\n', 'S790'),
('C4762', 'Produits chimiques et sanitaires\n', 'S790'),
('C4763', 'Petits outils de production\n', 'S790'),
('C4765', 'Produit d\'entretien-hygiène pour magasin\n', 'S790'),
('C4770', 'Fourniture fruits et légumes\n', 'S790'),
('C4775', 'Fourniture Viande\n', 'S790'),
('C4778', 'Fourniture pharmacie\n', 'S790'),
('C4780', 'Fourniture Poisson\n', 'S790'),
('C5001', 'Deli articles spéciaux\n', 'S090'),
('C5556', 'Viande fraiche articles spéciaux\n', 'S090'),
('C6001', 'Mets cuisinés articles spéciaux\n', 'S090'),
('C6501', 'Poissons articles spéciaux\n', 'S090'),
('C7091', 'Fruits et légumes articles spéciaux\n', 'S090'),
('C7115', 'Chocolats\n', 'S750'),
('C7230', 'Pomme populaire\n', 'S570'),
('C7401', 'Légume articles spéciaux\n', 'S090'),
('C7547', 'Nouilles légumes PAS\n', 'S090'),
('C7900', 'Fleur coupée\n', 'S570'),
('C7935', 'Plante fleurie\n', 'S570'),
('C7940', 'Plante verte\n', 'S570'),
('C8126', 'Vrac articles spéciaux\n', 'S090'),
('C8155', 'Arachide/graines & noix vrac pré-emballé\n', 'S090'),
('C8160', 'Croustille vrac pré-emballé\n', 'S090'),
('C8170', 'Confiserie et choco.saison.vrac pré-emb\n', 'S755'),
('C8175', 'Confiserie vrac pré-emballé\n', 'S750'),
('C8180', 'Chocolat vrac pré-emballé\n', 'S750'),
('C9004', 'Antihistaminiques\n', 'S850'),
('C9008', 'Anti-infectieux\n', 'S850'),
('C9010', 'Antinéoplasiques\n', 'S850'),
('C9012', 'Médicaments S.N.A.\n', 'S850'),
('C9016', 'Dérivés du sang\n', 'S850'),
('C9020', 'Médicaments du sang\n', 'S850'),
('C9024', 'Cardio-vasculaire\n', 'S850'),
('C9028', 'Médicaments S.N.C.\n', 'S850'),
('C9036', 'Agents diagnostiques\n', 'S850'),
('C9040', 'Électrolytes-diurétiques\n', 'S850'),
('C9044', 'Enzymes\n', 'S850'),
('C9048', 'Antitussifs, expectorants et agents mucolytiques\n', 'S850'),
('C9052', 'O.R.L.O.\n', 'S850'),
('C9056', 'Gastro-intestinaux\n', 'S850'),
('C9060', 'Sels d\'or\n', 'S850'),
('C9064', 'Antidotes des métaux lourds\n', 'S850'),
('C9068', 'Hormones & substituts\n', 'S850'),
('C9072', 'Anesthésiques locaux\n', 'S850'),
('C9076', 'Ocytociques\n', 'S850'),
('C9078', 'Radio-isotopes\n', 'S850'),
('C9080', 'Agents immunisants\n', 'S850'),
('C9084', 'Peau & muqueuses\n', 'S850'),
('C9086', 'Spasmolytiques\n', 'S850'),
('C9088', 'Vitamines\n', 'S850'),
('C9092', 'Autres médicaments\n', 'S850'),
('C9099', 'Soins de plaies hôpitaux\n', 'S850'),
('C9999A', 'ÉCOFRAIS\n', 'S999A'),
('C9999B', 'DÉBOURSÉ\n', 'S999B'),
('C9999C', 'RETOUR BOUTEILLE\n', 'S999C'),
('C9999Z', 'NON CATÉGORISÉS\n', 'S999Z');

-- --------------------------------------------------------

--
-- Table structure for table `departements`
--

CREATE TABLE `departements` (
  `id` char(4) NOT NULL,
  `description` varchar(25) DEFAULT NULL
) ENGINE=InnoDB DEFAULT CHARSET=utf8;

--
-- Dumping data for table `departements`
--

INSERT INTO `departements` (`id`, `description`) VALUES
('D008', 'AUTRES ENCAISSEMENTS'),
('D010', 'LABORATOIRE'),
('D011', 'PRESCRIPTION ASSURANCE'),
('D020', 'MÉDICAMENT (MVL)'),
('D030', 'PRODUITS NATURELS'),
('D040', 'ORTHOPÉDIE'),
('D050', 'SANTÉ ET BEAUTÉ'),
('D060', 'COSMÉTIQUES'),
('D070', 'PHOTOS'),
('D080', 'DIVERS'),
('D090', 'SAISONNIERS'),
('D100', 'ARTICLES DOMESTIQUES'),
('D110', 'SCOLAIRE'),
('D120', 'CADEAUX'),
('D130', 'CARTES ET EMBALLAGE'),
('D140', 'ALIMENT./BREUVAGES'),
('D170', 'PAPIER'),
('D180', 'CONFISERIE'),
('D190', 'LIBRAIRIE'),
('D410', 'CARTES PRÉPAYÉES'),
('D415', 'SERVICES INFIRMIERS'),
('D420', 'LOCATION'),
('D430', 'LOTERIE'),
('D440', 'VALIDEUSE'),
('D450', 'BUREAU DE POSTE'),
('D451', 'TÉLÉCOPIEUR'),
('D460', 'BILLET D\'AUTOBUS'),
('D470', 'PHOTOCOPIEUR'),
('D480', 'CARTE CADEAU BRUNET'),
('D790', 'FOURNITURES'),
('D800', 'COUPON MAGASIN'),
('D810', 'COUPON MANUFACTURIER'),
('D999', 'GESTION INTERNE AX');

-- --------------------------------------------------------

--
-- Table structure for table `produits`
--

CREATE TABLE `produits` (
  `id` int(15) NOT NULL,
  `nom` varchar(60) NOT NULL,
  `idDepartement_produit` char(4) NOT NULL,
  `idSousdepartement_produit` char(5) NOT NULL,
  `idCategorie_produit` char(6) NOT NULL
) ENGINE=InnoDB DEFAULT CHARSET=utf8;

--
-- Dumping data for table `produits`
--

INSERT INTO `produits` (`id`, `nom`, `idDepartement_produit`, `idSousdepartement_produit`, `idCategorie_produit`) VALUES
(3, 'test', 'D080', 'S200', 'C4255'),
(8, 'abc', 'D040', 'S630', 'C3845'),
(9, 'test1', 'D060', 'S285', 'C3470');

-- --------------------------------------------------------

--
-- Table structure for table `sousdepartements`
--

CREATE TABLE `sousdepartements` (
  `id` char(5) NOT NULL,
  `description` varchar(30) DEFAULT NULL,
  `idDepartement` char(4) DEFAULT NULL
) ENGINE=InnoDB DEFAULT CHARSET=utf8;

--
-- Dumping data for table `sousdepartements`
--

INSERT INTO `sousdepartements` (`id`, `description`, `idDepartement`) VALUES
('S010', 'ANALGÉSIQUE INTERNE', 'D020'),
('S010A', 'PRESCRIPTION POS', 'D010'),
('S011A', 'PRESCRIPTION ASSURANCE', 'D011'),
('S020A', 'MVLANNEXE II', 'D020'),
('S030', 'ANTICACIDE/DIGESTIF', 'D020'),
('S040', 'ARTICLES AUTOMOBILES', 'D080'),
('S046', 'BILLETS D\'AUTOBUS', 'D460'),
('S047', 'PHOTOCOPIE', 'D470'),
('S050', 'ALIMENTS BÉBÉS', 'D140'),
('S070', 'SOINS DE BÉBÉ', 'D050'),
('S073', 'DONS', 'D008'),
('S075', 'CARTE CADEAU BRUNET', 'D480'),
('S076', 'WESTERN UNION', 'D008'),
('S090', 'ALIMENTS', 'D140'),
('S092', 'BREUVAGES', 'D140'),
('S093', 'EAU', 'D140'),
('S150', 'RHUME/TOUX/ALLERGIE', 'D020'),
('S170', 'DÉODORANTS', 'D050'),
('S190', 'PRODUITS DIÉTÉTIQUES', 'D020'),
('S200', 'APP.ÉLECTRIQUE/PILE', 'D080'),
('S210', 'SOINS YEUX/OREILLES', 'D020'),
('S230', 'HYGIÈNE FÉMININE', 'D020'),
('S235', 'PLANIF.FAMILIALE', 'D020'),
('S239', 'HYGIÈNE PERSONNELLE', 'D170'),
('S240', 'FRAGRANCES', 'D060'),
('S245', 'SOINS ESTHÉTIQUE', 'D060'),
('S250', 'PREMIERS SOINS', 'D020'),
('S260', 'DERMOCOSMÉTIQUES', 'D060'),
('S270', 'SOINS DES PIEDS', 'D020'),
('S275', 'MAQUILLAGE', 'D060'),
('S280', 'SOINS CAPILLAIRES', 'D060'),
('S285', 'ACC.COSMÉTIQUES', 'D060'),
('S287', 'BAS DE NYLON', 'D060'),
('S288', 'COLORATION RÉGULIÈRE', 'D060'),
('S289', 'COLORATION SPÉCIALI.', 'D060'),
('S290', 'CADEAUX', 'D120'),
('S330', 'DERMATOLOGIE', 'D020'),
('S339', 'SOINS CHEVEUX', 'D050'),
('S350', 'PRODUITS MÉNAGERS', 'D100'),
('S354', 'NOURRITURE ANIMAUX', 'D100'),
('S356', 'PROD.ANIMAUX DIVERS', 'D100'),
('S358', 'NETTOYANT', 'D100'),
('S360', 'PURIFICAT/CHANDELLE', 'D100'),
('S362', 'CUISINE', 'D100'),
('S364', 'SAC ET EMBALLAGE', 'D100'),
('S366', 'DÉTERSIF', 'D100'),
('S370', 'LAXATIF/ANTIDIARRHÉE', 'D020'),
('S380', 'ARRÊT TABAGIQUE', 'D020'),
('S415', 'ACTES INFIRMIERS', 'D415'),
('S420', 'ANAGÉSIQUE EXTERNE', 'D020'),
('S430', 'DIABÈTE', 'D020'),
('S450', 'HYGIÈNE BUCCALE', 'D050'),
('S455', 'MAUX DE BOUCHE', 'D020'),
('S456', 'MA SANTÉ', 'D020'),
('S490', 'PRODUITS PAPIER', 'D170'),
('S530', 'PHOTOGRAPHIE', 'D070'),
('S540', 'FINITION PHOTO', 'D070'),
('S570', 'SAISONNIERS', 'D090'),
('S610', 'PRODUITS DE RASAGE', 'D050'),
('S630', 'ORTHOPÉDIE', 'D040'),
('S639', 'LOC. ORTHOPÉDIE', 'D420'),
('S659', 'SOINS DE LA PEAU', 'D050'),
('S670', 'PAPET.FOURN.SCOLAIRE', 'D110'),
('S690', 'ARTICLES DIVERS', 'D080'),
('S700', 'JEUX ET JOUETS', 'D080'),
('S710', 'MÉDICAMENT BÉBÉ', 'D020'),
('S720', 'PRODUITS NATURELS', 'D030'),
('S729', 'HOMÉOPATHIE', 'D030'),
('S730', 'VITAMINES / MINÉRAUX', 'D020'),
('S740', 'TABAC', 'D080'),
('S750', 'CONFISERIES', 'D180'),
('S755', 'CONFISERIES SAISON.', 'D180'),
('S760', 'REVUES/JOURNAUX', 'D190'),
('S769', 'LIVRES', 'D190'),
('S780', 'CARTES/EMBAL./RUBANS', 'D130'),
('S790', 'FOURNITURES', 'D790'),
('S801', 'CARTE FIDÉLITÉ BRUNET', 'D800'),
('S802', 'CARTE RABAIS', 'D800'),
('S803', 'COUPON MAGASIN', 'D800'),
('S804', 'COUPON MAGASIN (N/TX)', 'D800'),
('S811', 'CARTE FIDÉLITÉ FRN / GRATUITÉ', 'D810'),
('S812', 'CARTE FIDÉLITÉ FRN / RABAIS', 'D810'),
('S813', 'COUPON MANUFACTURIER', 'D810'),
('S814', 'COUPON MANUFACTURIER (TX)', 'D810'),
('S850', 'PRESCRIPTION', 'D010'),
('S902', 'CARTES CADEAUX EXT.', 'D410'),
('S903', 'CARTES CELLULAIRES', 'D410'),
('S990', 'BILLETS DE LOTERIE', 'D430'),
('S991', 'VALIDEUSE', 'D440'),
('S992', 'BUREAU DE POSTE', 'D450'),
('S993', 'TÉLÉCOPIE', 'D451'),
('S999A', 'ÉCOFRAIS', 'D999'),
('S999B', 'DÉBOURSÉ', 'D999'),
('S999C', 'RETOUR BOUTEILLE', 'D999'),
('S999Z', 'NON CATÉGORISÉS', 'D999');

--
-- Indexes for dumped tables
--

--
-- Indexes for table `categories`
--
ALTER TABLE `categories`
  ADD PRIMARY KEY (`id`),
  ADD KEY `fk_categories_sousdepartements_idx` (`idSousDepartement`);

--
-- Indexes for table `departements`
--
ALTER TABLE `departements`
  ADD PRIMARY KEY (`id`);

--
-- Indexes for table `produits`
--
ALTER TABLE `produits`
  ADD PRIMARY KEY (`id`),
  ADD KEY `idDepartement_produit` (`idDepartement_produit`,`idSousdepartement_produit`,`idCategorie_produit`),
  ADD KEY `idSousdepartement_produit` (`idSousdepartement_produit`),
  ADD KEY `idCategorie_produit` (`idCategorie_produit`);

--
-- Indexes for table `sousdepartements`
--
ALTER TABLE `sousdepartements`
  ADD PRIMARY KEY (`id`),
  ADD KEY `fk_sousdepartements_departements_idx` (`idDepartement`);

--
-- AUTO_INCREMENT for dumped tables
--

--
-- AUTO_INCREMENT for table `produits`
--
ALTER TABLE `produits`
  MODIFY `id` int(15) NOT NULL AUTO_INCREMENT, AUTO_INCREMENT=10;

--
-- Constraints for dumped tables
--

--
-- Constraints for table `produits`
--
ALTER TABLE `produits`
  ADD CONSTRAINT `produits_ibfk_1` FOREIGN KEY (`idDepartement_produit`) REFERENCES `departements` (`id`) ON DELETE CASCADE,
  ADD CONSTRAINT `produits_ibfk_2` FOREIGN KEY (`idSousdepartement_produit`) REFERENCES `sousdepartements` (`id`) ON DELETE CASCADE,
  ADD CONSTRAINT `produits_ibfk_3` FOREIGN KEY (`idCategorie_produit`) REFERENCES `categories` (`id`) ON DELETE CASCADE;

--
-- Constraints for table `sousdepartements`
--
ALTER TABLE `sousdepartements`
  ADD CONSTRAINT `fk_sousdepartements_departements` FOREIGN KEY (`idDepartement`) REFERENCES `departements` (`id`);
COMMIT;

/*!40101 SET CHARACTER_SET_CLIENT=@OLD_CHARACTER_SET_CLIENT */;
/*!40101 SET CHARACTER_SET_RESULTS=@OLD_CHARACTER_SET_RESULTS */;
/*!40101 SET COLLATION_CONNECTION=@OLD_COLLATION_CONNECTION */;
